<?xml version="1.0" encoding="UTF-8"?>
<project-private xmlns="http://www.netbeans.org/ns/project-private/1">
    <editor-bookmarks xmlns="http://www.netbeans.org/ns/editor-bookmarks/2" lastBookmarkId="0"/>
    <open-files xmlns="http://www.netbeans.org/ns/projectui-open-files/2">
        <group>
            <file>file:/F:/OneDrive%20-%20Centre%20d'Estudis%20Monlau/New%20Folder/GestionDeFicheros/GestionDeFicheros/src/model/Funciones.java</file>
            <file>file:/F:/OneDrive%20-%20Centre%20d'Estudis%20Monlau/New%20Folder/GestionDeFicheros/GestionDeFicheros/src/view/console/main.java</file>
        </group>
    </open-files>
</project-private>
